POI_ID,Longitude,Latitude,SEQ_NUM,POI_NAME,LINK_ID
1210225169,-99.62645,19.27136,1,IGLESIA CRISTIANA ADVENTISTA DE 7 DIA,702684291
1210225169,-99.62645,19.27136,2,IGL. CRIST. ADV. DE 7 DIA,702684291
1178939476,-99.64331,19.27218,1,ESPECIALISTAS EN SUSPENSIÓN Y DIRECCIÓN,702992387
1178939476,-99.64331,19.27218,2,ESPECIALISTAS EN SUSPENSIÓN,702992387
1233550396,-99.64331,19.27218,2,DE TODO EN SUSPENSIONES,702992387
1233550396,-99.64331,19.27218,1,DE TODO EN SUSPENSIONES Y DIRECCIONES,702992387
1244750190,-99.5331,19.27059,2,TIENDA DE ESCUELA PRIMARIA,702712580
1244750190,-99.5331,19.27059,1,TIENDA DE ESCUELA PRIMARIA MIGUEL HIDALGO,702712580
1048933205,-99.58334,19.27167,1,SALÓN DEL REINO DE LOS TESTIGOS DE JEHOVÁ,839018701
1048933205,-99.58334,19.27167,2,SALÓN DE LOS TESTIGOS DE JEHOVÁ,839018701
1210225271,-99.59759,19.27216,1,IGLESIA CRISTIANA DE ORACIÓN JEHOVÁ MI DIOS,702728014
1210225271,-99.59759,19.27216,2,IGL. C. DE ORACIÓN JEHOVÁ MI DIOS,702728014
1192268180,-99.64988,19.27402,2,BIOCLEAN O&G,702718741
1192268180,-99.64988,19.27402,1,LAVANDERÍA Y TINTORERÍA BIOCLEAN O&G,702718741
1178942565,-99.64172,19.27268,1,"MOTORES DIESEL Y TRANSMISIONES DE TOLUCA, S.A. DE C.V.",702786618
1178942565,-99.64172,19.27268,2,MOTORES DIESEL Y TRANSMISIONES,702786618
1210225363,-99.50865,19.27442,2,IGL. DEL SAGRADO CORAZÓN DE JESUS,1347281944
1210225363,-99.50865,19.27442,1,IGLESIA DEL SAGRADO CORAZÓN DE JESUS,1347281944
1048912771,-99.59582,19.2733,2,PARROQUIA DEL S. C. J.,702691668
1048912771,-99.59582,19.2733,1,PARROQUIA DEL SAGRADO CORAZÓN DE JESÚS,702691668
1210225254,-99.58065,19.2733,1,RECINTO ESPIRITUAL CASA DE JERUSALÉN,779677266
1210225254,-99.58065,19.2733,2,RECINTO ESP. CASA DE JERUSALÉN,779677266
1048933204,-99.58849,19.27437,2,SAGRADO CORAZON DE JESUS,702693338
1048933204,-99.58849,19.27437,1,PARROQUIA DEL SAGRADO CORAZÓN DE JESÚS,702693338
1210170931,-99.62702,19.27276,1,IGLESIA DE SAN FRANCISCO DE ASÍS COAXUSCO,702713666
1210170931,-99.62702,19.27276,2,IGLA. DE SAN FCO. DE ASÍS COAXUSCO,702713666
1210225181,-99.62413,19.2739,2,IGL. CRIST. BAUTISTA EL MECÍAS,702661499
1210225181,-99.62413,19.2739,1,IGLESIA CRISTIANA BAUTISTA EL MECÍAS,702661499
1178942806,-99.63369,19.27419,1,MEDICAMENTOS EXCLUSIVOS S. A. DE C. V.,702958389
1178942806,-99.63369,19.27419,2,MEDICAMENTOS EXCLUSIVOS SA DE CV,702958389
1137408259,-99.64926,19.27404,1,CEAJA LIC. BENITO JUÁREZ C. O. CA. T. E. M.,702717196
1137408259,-99.64926,19.27404,2,CEAJA LIC. BENITO JUÁREZ,702717196
1210225262,-99.58885,19.2746,1,PARROQUIA DEL SAGRADO CORAZÓN DE JESÚS,1175838779
1210225262,-99.58885,19.2746,2,PARROQUIA DEL SAGRADO C. DE J.,1175838779
1244533605,-99.57467,19.27491,2,HSBC,1175857993
1244533605,-99.57467,19.27491,1,CAJERO AUTOMÁTICO HSBC MÉXICO,1175857993
1192317574,-99.62155,19.27509,1,DIESTRO ALCHÍMICA PRODUCTOS Y SERVICIOS,702667081
1192317574,-99.62155,19.27509,2,DIESTRO ALCHÍMICA,702667081
1048914109,-99.63461,19.27504,1,PAPELERA CUAUHTÉMOC DE TOLUCA S. A. DE C. V.,1295696212
1048914109,-99.63461,19.27504,2,PAPELERA CUAUHTÉMOC,1295696212
1202549471,-99.53205,19.27558,2,VILÚ REGALOS Y FIESTA,702643437
1202549471,-99.53205,19.27558,1,VILÚ REGALOS Y ARTÍCULOS PARA FIESTA,702643437
1244535798,-99.60489,19.27534,1,CAJERO AUTOMÁTICO HSBC MÉXICO,1244908942
1244535798,-99.60489,19.27534,3,HSBC,1244908942
1244535798,-99.60489,19.27534,2,HSBC MÉXICO,1244908942
1202578341,-99.52917,19.27582,1,SAN CARLOS MATERIAL ELÉCTRICO E ILUMINACIÓN,779318237
1202578341,-99.52917,19.27582,2,ELÉCTRICA SAN CARLOS,779318237
1209099101,-99.54798,19.27578,2,"ESTANCIA INFANTIL ""LA CASITA DEL AR",702652679
1209099101,-99.54798,19.27578,1,"ESTANCIA INFANTIL """"LA CASITA DEL ARBOL""""",702652679
1202572647,-99.536,19.27599,2,GOLOSINAS GONASA,1255817267
1202572647,-99.536,19.27599,1,GONASA GOLOSINAS NUTRITIVAS Y AMARANTO,1255817267
1178726658,-99.64773,19.27681,1,JARDIN DE NIÑOS ANEXO A LA NORMAL NO 3 DE TOLUCA,1296448873
1178726658,-99.64773,19.27681,2,JARDIN DE NIÑOS ANEXO A LA NORMAL 3,1296448873
1202548552,-99.54305,19.2768,1,"MATERIALES PARA CONSTRUCCIÓN """"EL 71""""",1377936019
1202548552,-99.54305,19.2768,2,EL 71,1377936019
1202592473,-99.52915,19.27686,1,LAVANDERÍA Y TINTORERÍA DE LOS ÁNGELES,1295319414
1202592473,-99.52915,19.27686,2,LAVANDERÍA DE LOS ÁNGELES,1295319414
1178992296,-99.63636,19.27726,2,REC. LOS STO. SIMON Y JUDAS TADEO A,702721592
1178992296,-99.63636,19.27726,1,RECTORÍA LOS SANTOS SIMON Y JUDAS TADEO APÓSTOLES,702721592
1137408263,-99.65048,19.27688,1,SECUNDARIA OFICIAL NO. 3 BENITO JUÁREZ,1296121851
1137408263,-99.65048,19.27688,2,SEC. OFICIAL NO. 3 BENITO JUÁREZ,1296121851
1178800239,-99.64801,19.27774,2,ESCUELA PREPARATORIA OFICIAL 169,711798640
1178800239,-99.64801,19.27774,1,ESCUELA PREPARATORIA OFICIAL NO. 169,711798640
1178940549,-99.62873,19.27778,2,DISTRIBUIDORA PVC TOLUCA SA DE CV,1346746203
1178940549,-99.62873,19.27778,1,DISTRIBUIDORA DE PVC DE TOLUCA S. A. DE C. V.,1346746203
1232283187,-99.64159,19.27846,1,ZARAPES Y REBOZOS,1073188359
1232283187,-99.64159,19.27846,3,ZARA,1073188359
1232283187,-99.64159,19.27846,2,ZARAPES Y REBOSOS,1073188359
1178939573,-99.62836,19.27926,2,DELEGACIÓN DE STA ANA TLAPALTITLAN,702673665
1178939573,-99.62836,19.27926,1,DELEGACIÓN MUNICIPAL DE SANTA ANA TLAPALTITLAN,702673665
1210170935,-99.64548,19.27915,2,PARROQUIA DEL S. C. J.,711775005
1210170935,-99.64548,19.27915,1,PARROQUIA DEL SAGRADO CORAZÓN DE JESÚS,711775005
1210225248,-99.6128,19.27967,2,C. DEL MEDIO DIA TRIN. M. C. SIMEÓN,1159549176
1210225248,-99.6128,19.27967,1,CENTRO DEL MEDIO DIA TRINITARIO MARIANO CASA DE SIMEÓN,1159549176
1178907531,-99.64376,19.28003,2,INST UNIVERSITARIO DEL ALTIPLANO,719878430
1178907531,-99.64376,19.28003,1,INSTITUTO UNIVERSITARIO DEL ALTIPLANO,719878430
1210225211,-99.62883,19.27986,1,CAPILLA DE NUESTRO SEÑOR DE LA COLUMNA,702685687
1210225211,-99.62883,19.27986,2,CAPILLA DE NTRO. SR. DE LA COLUMNA,702685687
1210225279,-99.6093,19.2809,1,IGLESIA CRISTIANA EVANGÉLICA DE MÉXICO,1284787098
1210225279,-99.6093,19.2809,2,IGL. CRIST. EVANG. DE EDOMEX.,1284787098
1244247523,-99.64139,19.28106,2,COMERCIALIZADORA DE BLANCOS EL NEVA,1329274205
1244247523,-99.64139,19.28106,1,COMERCIALIZADORA DE BLANCOS EL NEVADO,1329274205
1178936971,-99.62883,19.2818,1,COMERCIALIZADORA VALMA S. A. DE C. V.,702707547
1178936971,-99.62883,19.2818,2,COMERCIALIZADORA VALMA SA DE CV,702707547
1119178714,-99.49892,19.28135,2,VIPS LERMA OUTLET TOLUCA,1343849240
1119178714,-99.49892,19.28135,1,VIPS,1343849240
1137801351,-99.50685,19.28164,1,ESCUELA PRIMARIA FRIDA KAHLO CALDERÓN,848009478
1137801351,-99.50685,19.28164,2,ESC. PRIMARIA FRIDA KAHLO CALDERÓN,848009478
1218215972,-99.49588,19.28161,1,7-ELEVEN,1347278823
1218215972,-99.49588,19.28161,2,711,1347278823
1194326346,-99.49741,19.2822,2,CALZEDONIA,1361103338
1194326346,-99.49741,19.2822,1,CALZEDONIA INTIMISSIMI MEXICO,1361103338
1059230927,-99.63309,19.28156,2,UAEM NEZAHUALCOYOTL PREPARATORIA,1341904722
1059230927,-99.63309,19.28156,1,UAEM PLANTEL NEZAHUALCOYOTL DE LA ESCUELA PREPARATORIA,1341904722
1154349369,-99.6493,19.28207,1,SECUNDARIA OFICIAL NO. 591 IGNACIO MANUEL ALTAMIRANO,702715697
1154349369,-99.6493,19.28207,2,SEC 591 IGNACIO MANUEL ALTAMIRANO,702715697
1048860513,-99.49804,19.28241,1,DOMINO'S,1357006586
1048860513,-99.49804,19.28241,2,DOMINO'S PIZZA,1357006586
1214006741,-99.50111,19.28238,1,STARBUCKS,1073787723
1214006741,-99.50111,19.28238,2,STARBUCKS-OUTLET LERMA,1073787723
1202548543,-99.51878,19.28286,1,ESTACIONAMIENTO EJIDO SAN PEDRO TULTEPEC,1125660316
1202548543,-99.51878,19.28286,2,ESTACIONAMIENTO,1125660316
1202595608,-99.53233,19.28167,2,LA ABJITA,1295319468
1202595608,-99.53233,19.28167,1,"LA ABJITA CARNES FRÍAS, MIEL Y DERIVADOS",1295319468
1024682762,-99.57418,19.28205,2,CAJERO AUTOMÁTICO HSBC MÉXICO,839667181
1024682762,-99.57418,19.28205,3,HSBC SUCURSAL ASUNCIÓN,839667181
1024682762,-99.57418,19.28205,1,HSBC,839667181
1202595461,-99.52895,19.2833,1,UN MUNDO DE GLOBOS ARTÍCULOS PARA PAYASO,848442834
1202595461,-99.52895,19.2833,2,UN MUNDO DE GLOBOS,848442834
1137793375,-99.50878,19.28343,2,IGLESIA DE JESUCRISTO DE LOS SUD.,1347255488
1137793375,-99.50878,19.28343,1,IGLESIA DE JESUCRISTO DE LOS SANTOS DE LOS ÚLTIMOS DÍAS,1347255488
1202700634,-99.50724,19.28344,2,IMSJ,1336546817
1202700634,-99.50724,19.28344,1,INSTITUTO MEXIQUENSE DE SEGURIDAD Y JUSTICIA,1336546817
1048916220,-99.52713,19.28419,2,CENTRAL SAN MATEO ATENCO,847430825
1048916220,-99.52713,19.28419,1,CENTRAL DE AUTOBUSES SAN MATEO ATENCO,847430825
1048860491,-99.4977,19.28407,2,TOMMY HILFIGER OUTLET LERMA 2,1241613173
1048860491,-99.4977,19.28407,1,TOMMY HILFIGER,1241613173
1233544046,-99.58061,19.28465,1,ESTACIONAMIENTO AUXILIAR HOTEL QUINTA DEL REY AMOSEJ,1272374529
1233544046,-99.58061,19.28465,2,ESTACIONAMIENTO AUXILIAR HOTEL,1272374529
844499834,-99.6499,19.28385,1,G500,1179523757
844499834,-99.6499,19.28385,2,PEMEX,1179523757
1137474079,-99.63728,19.28576,2,EL UNIVERSO DEL NIÑO,702683665
1137474079,-99.63728,19.28576,1,JARDÍN DE NIÑOS EL UNIVERSO DEL NIÑO,702683665
1179438349,-99.62086,19.28467,1,PRODUCTOS QUÍMICOS DE LIMPIEZA SANTI. GO,1346439789
1179438349,-99.62086,19.28467,2,PROD QUÍMICOS LIMPIEZA SANTI. GO,1346439789
1202700649,-99.51183,19.28454,1,OFICINA REGIONAL XIII DEL REGISTRO CIVIL,1347286819
1202700649,-99.51183,19.28454,2,OFNA. REGIONAL XIII DEL REG. CIVIL,1347286819
1233527973,-99.50005,19.2842,1,HAAGEN DAZS OUTLET LERMA,704547544
1233527973,-99.50005,19.2842,2,HAAGEN-DAZS,704547544
1202576589,-99.51379,19.2846,2,SKYMEDIA SOLUTIONS,702928657
1202576589,-99.51379,19.2846,1,SKYMEDIA SOLUTIONS REPARACIÓN DE EQUIPO DE COMPUTO,702928657
1202667923,-99.51078,19.28505,1,SERVICIO TÉCNICO PERÁN REPARACIÓN DE LAVADORAS Y REFRIGERADORES,1347255500
1202667923,-99.51078,19.28505,2,SERV. TEC. PERÁN REP. DE LAVADORAS,1347255500
996747761,-99.57357,19.28475,2,DOMINO'S,1346538032
996747761,-99.57357,19.28475,1,DOMINO'S PIZZA,1346538032
1210225282,-99.59674,19.28498,1,RECTORÍA DE NUESTRA SEÑORA DEL PERPETUO SOCORRO,702911835
1210225282,-99.59674,19.28498,2,RECT. DE N. S. DEL PERPETUO SOCORRO,702911835
1244246366,-99.57503,19.28543,1,VENTA DE DULCES Y MATERIAS PRIMAS PARA REPOSTERÍA,1347030325
1244246366,-99.57503,19.28543,2,VENTA DE DULCES Y MATERIAS PRIMAS,1347030325
1202549525,-99.51506,19.28582,2,AXEZ,1347007308
1202549525,-99.51506,19.28582,1,AXEZ ESTÉTICA Y DISTRIBUIDORA DE ARTÍCULOS DE BELLEZA,1347007308
1202698353,-99.51134,19.28577,1,FORO CULTURAL TIEMPO Y ESPACIO THAAY,1175296883
1202698353,-99.51134,19.28577,2,FORO TIEMPO Y ESPACIO THAAY,1175296883
1210225198,-99.6429,19.28514,1,IGLESIA DE JESUCRISTO CUIDA DE DIOS DE LA COBERTURA PALABRA MIA,702689498
1210225198,-99.6429,19.28514,2,J. C. CUIDA DE DIOS DE LA COBERTURA,702689498
1244305531,-99.51135,19.2851,2,ART.S DEPORTIVOS ALVARADO HERMANOS,770398429
1244305531,-99.51135,19.2851,1,ARTÍCULOS DEPORTIVOS ALVARADO HERMANOS,770398429
1202700635,-99.50708,19.28594,1,DIRECCIÓN GENERAL DE GOBIERNO REGIÓN LERMA,702659572
1202700635,-99.50708,19.28594,2,DIRECCIÓN GENERAL DE GOBIERNO LERMA,702659572
1202697911,-99.50425,19.28635,1,PANTEÓN MUNICIPAL DE LERMA DE VILLADA,1336240012
1202697911,-99.50425,19.28635,2,PANTEÓN MPAL DE LERMA DE VILLADA,1336240012
1176546389,-99.50932,19.28625,1,INSTITUTO CULTURAL EMPRESARIAL DE MÉXICO (PREPARATORIA ICEM),1178777229
1176546389,-99.50932,19.28625,2,INSTITUTO CULTURAL EMPRESARIAL,1178777229
1244537112,-99.59104,19.28623,2,CITIBANAMEX,1176602254
1244537112,-99.59104,19.28623,1,BANAMEX,1176602254
1113117453,-99.5278,19.286,1,MONUMENTOA EMILIANO ZAPATA,1242761635
1113117453,-99.5278,19.286,2,埃米利阿诺赛巴塔纪念碑,1242761635
1202549188,-99.52179,19.28608,2,CONSTRU-FERRE,1206352737
1202549188,-99.52179,19.28608,1,CONSTRU-FERRE MATERIALES PARA LA CONSTRUCCIÓN,1206352737
1202693768,-99.51407,19.28665,1,COMPUBIT REPARACIÓN DE EQUIPO DE COMPUTO,702704491
1202693768,-99.51407,19.28665,2,COMPUBIT REP. DE EQ. DE COMPUTO,702704491
1178919459,-99.64718,19.28673,2,ESCUELA NO 7 ESTADO DE MÉXICO,702689496
1178919459,-99.64718,19.28673,1,ESCUELA SECUNDARIA OFICIAL NO 7 ESTADO DE MÉXICO,702689496
1210225176,-99.62468,19.28759,2,NAC. PRESB. DE MÉXICO ALFA Y OMEGA,1346441462
1210225176,-99.62468,19.28759,1,NACIONAL PRESBITERIANA DE MÉXICO ALFA Y OMEGA,1346441462
1244537102,-99.59103,19.28659,2,CITIBANAMEX,1176602248
1244537102,-99.59103,19.28659,1,BANAMEX,1176602248
1059477472,-99.59201,19.28677,2,JA DE N MIGUEL DE CERVANTES,847221037
1059477472,-99.59201,19.28677,1,JA DE N MIGUEL DE CERVANTES SAAVEDRA,847221037
1244532683,-99.55451,19.28686,2,CITIBANAMEX,721217387
1244532683,-99.55451,19.28686,1,BANAMEX SENDERO TOLUCA,721217387
1244532015,-99.52996,19.28761,2,CITIBANAMEX,1347013750
1244532015,-99.52996,19.28761,1,BANAMEX,1347013750
1192402154,-99.60641,19.28719,1,DISTRIBUIDORA DE MATERIAL DE CONTROL Y AUTOMATIZACION S.A. DE C.V.,1346034682
1192402154,-99.60641,19.28719,2,DISTRIBUIDORA DE MATERIAL DE CONTRO,1346034682
1192402152,-99.60731,19.28721,1,EPS-COLLISION CENTER AND CAR SERVICE,1346034684
1192402152,-99.60731,19.28721,2,EPS,1346034684
1192413959,-99.60841,19.28724,2,SEGURIDAD INDUSTRIAL TOLLOCAN,1346209791
1192413959,-99.60841,19.28724,1,GASES SOLDADURA Y SEGURIDAD INDUSTRIAL TOLLOCAN,1346209791
1244444100,-99.54119,19.28834,1,CAJERO AUTOMÁTICO CITIBANAMEX,1318613827
1244444100,-99.54119,19.28834,2,CITIBANAMEX,1318613827
1244444086,-99.54119,19.28834,1,BANAMEX,1318613827
1244444086,-99.54119,19.28834,2,CITIBANAMEX,1318613827
1178811975,-99.64157,19.28755,2,TOLUCA,702661408
1178811975,-99.64157,19.28755,1,CENTRAL DE AMORTIGUADORES Y SUSPENSIONES TOLUCA,702661408
1222385208,-99.63735,19.28745,1,MUSEO DEL HEROICO CUERPO DE BOMBEROS TOLUCA,702696427
1222385208,-99.63735,19.28745,2,MUSEO CUERPO DE BOMBEROS,702696427
1137429869,-99.64585,19.28747,2,PENSIÓN GUS,702710671
1137429869,-99.64585,19.28747,1,ESTACIONAMIENTO GUSTAVO,702710671
1178805842,-99.64585,19.28747,2,PENSIÓN GUS,702710671
1178805842,-99.64585,19.28747,1,ESTACIONAMIENTO GUSTAVO,702710671
1048752826,-99.64168,19.28755,1,BANAMEX,702677958
1048752826,-99.64168,19.28755,2,BANAMEX SAN SEBASTIÁN,702677958
1048752826,-99.64168,19.28755,3,CITIBANAMEX,702677958
1244749337,-99.51571,19.28678,2,CASA DE CULTURA PROF. ADRIÁN ORTEGA,702708286
1244749337,-99.51571,19.28678,1,"CASA DE CULTURA PROF. ADRIÁN ORTEGA MONROY LERMA DE VILLADA, MÉXICO",702708286
1202592419,-99.51452,19.28711,2,COMISIÓN DE DER HUMANOS DE EDOMEX,1201355528
1202592419,-99.51452,19.28711,1,COMISIÓN DE DERECHOS HUMANOS DEL ESTADO DE MÉXICO,1201355528
1175695993,-99.51164,19.28812,2,SAN MIGUEL AMEYALCO TRADICIONES,702644713
1175695993,-99.51164,19.28812,3,圣米格尔阿梅亚尔科,702644713
1175695993,-99.51164,19.28812,1,SAN MIGUEL AMEYALCO TRADICIONES Y FESTIVIDADES,702644713
844556461,-99.62604,19.28767,3,RADISSON DEL REY,1335374684
844556461,-99.62604,19.28767,2,RADISSON HOTEL & CONVENTION CENTER,1335374684
844556461,-99.62604,19.28767,1,RADISSON HOTEL & CONVENTION CENTER-TOLUCA,1335374684
1048860393,-99.62869,19.28818,1,MUSEO GALERÍA ARTE MEXIQUENSE BICENTENARIO,1179773826
1048860393,-99.62869,19.28818,2,MUSEO TORRES BICENTENARIO,1179773826
1048860393,-99.62869,19.28818,3,双百塔博物馆,1179773826
1192413954,-99.61272,19.28731,2,COMISIÓN DE SEGURIDAD CIUDADANA,1197042616
1192413954,-99.61272,19.28731,1,COMISIÓN ESTATAL DE SEGURIDAD CIUDADANA,1197042616
1137773501,-99.57515,19.28729,2,PEMEX,1382854023
1137773501,-99.57515,19.28729,1,G500,1382854023
1164970892,-99.62117,19.28752,2,C DE FORMACION Y DOC ELECTORAL,1208943339
1164970892,-99.62117,19.28752,1,CENTRO DE FORMACION Y DOCUMENTACIÓN ELECTORAL,1208943339
1192821728,-99.59236,19.28801,2,PROV INDUSTRIAL TOL-EQUIPO D SEG,704548394
1192821728,-99.59236,19.28801,1,PROVEEDORA INDUSTRIAL TOLUCA-EQUIPO DE SEGURIDAD,704548394
1048752871,-99.63787,19.28851,1,PROCURADURÍA GENERAL DE JUSTICIA DEL ESTADO DE MÉXICO,1346737722
1048752871,-99.63787,19.28851,3,FISCALÍA GENERAL DE JUSTICIA,1346737722
1048752871,-99.63787,19.28851,2,PROCURADURÍA GRAL DE JUSTICIA,1346737722
1166551844,-99.62172,19.28852,1,DOMINO'S,1336313969
1166551844,-99.62172,19.28852,2,DOMINO'S PIZZA,1336313969
1175501371,-99.62172,19.28852,2,IVVONNE,1336313969
1175501371,-99.62172,19.28852,1,IVONNE,1336313969
1175504855,-99.6223,19.28878,1,HAAGEN-DAZS GALERIAS TOLUCA,1332786230
1175504855,-99.6223,19.28878,2,HAAGEN-DAZS,1332786230
1244438321,-99.55538,19.28952,3,HSBC,1175369814
1244438321,-99.55538,19.28952,2,CAJERO AUTOMÁTICO HSBC MÉXICO,1175369814
1244438321,-99.55538,19.28952,1,HSBC MÉXICO,1175369814
1164892899,-99.55493,19.28987,1,STARBUCKS,721284760
1164892899,-99.55493,19.28987,2,STARBUCKS-SENDERO TOLUCA,721284760
1048935292,-99.55493,19.28987,2,"MCDONALD'S-SENDERO TOLUCA,",721284760
1048935292,-99.55493,19.28987,1,MCDONALD'S,721284760
1210225205,-99.64868,19.28994,1,NACIONAL PRESBITERIANA FAMILIA DE DIOS,702677349
1210225205,-99.64868,19.28994,2,NACIONAL PRESB. FAMILIA DE DIOS,702677349
1178908409,-99.64742,19.28996,1,PEMEX,1346231343
1178908409,-99.64742,19.28996,2,RUTA,1346231343
1178707858,-99.64591,19.28998,2,OPCIONES FARMACÉUTICAS,702645264
1178707858,-99.64591,19.28998,1,DISTRIBUIDORA DE OPCIONES FARMACÉUTICAS,702645264
1244532511,-99.61482,19.2908,1,CAJERO AUTOMÁTICO HSBC MÉXICO,1348117165
1244532511,-99.61482,19.2908,2,HSBC,1348117165
1164971006,-99.62047,19.29119,2,ISSTE OBRAS Y SERVICIOS GENERALES,1346023185
1164971006,-99.62047,19.29119,1,ISSTE DELEGACION EDO DE MEXICO OBRAS Y SERVICIOS GENERALES,1346023185
1048915929,-99.50797,19.29052,1,ESCUELA PRIMARIA LIC. MARIO COLÍN SÁNCHEZ,702724556
1048915929,-99.50797,19.29052,2,PRIMARIA LIC. MARIO COLÍN SÁNCHEZ,702724556
1048935299,-99.51688,19.29102,3,SECUNDARIA,848291183
1048935299,-99.51688,19.29102,2,SECUNDARIA OFICIAL NO.0738,848291183
1048935299,-99.51688,19.29102,1,ESCUELA SECUNDARIA OFICIAL NO. 0738 PROFR. ADRIÁN ORTEGA MONROY,848291183
1176549035,-99.50802,19.2913,1,BIBLIOTECA PÚBLICA LIC. TITO ORTEGA SÁNCHEZ,702724564
1176549035,-99.50802,19.2913,2,BIBLIOTECA PÚBLICA LIC. TITO ORTEGA,702724564
1228383400,-99.55658,19.29151,1,HOLIDAY INN EXPRESS TOLUCA ZONA AEROPUERTO,1012437046
1228383400,-99.55658,19.29151,2,HOLIDAY INN EXPRESS,1012437046
1192104336,-99.65006,19.2908,3,"GRAL. LÁZARO CÁRDENAS""""",702711150
1192104336,-99.65006,19.2908,2,UPEB,702711150
1192104336,-99.65006,19.2908,1,UNIDAD PEDAGÓGICA DE EDUCACIÓN BÁSICA,702711150
1244532776,-99.64728,19.29152,1,CAJERO AUTOMÁTICO HSBC MÉXICO,702674558
1244532776,-99.64728,19.29152,2,HSBC,702674558
1244533738,-99.62157,19.29123,1,BANAMEX,1346023186
1244533738,-99.62157,19.29123,2,CITIBANAMEX,1346023186
1178732824,-99.64176,19.29225,2,MIGUEL ALEMAN,1296128105
1178732824,-99.64176,19.29225,1,CENTRO ESCOLAR PRESIDENTE MIGUEL ALEMÁN,1296128105
1178811692,-99.64728,19.29222,1,SECRETARÍA DE DESARROLLO AGRARIO TERRITORIAL Y URBANO,1346480179
1178811692,-99.64728,19.29222,2,SEDATU,1346480179
1110235298,-99.6445,19.29227,1,CENTENARIA Y BENEMERITA ESCUELA NORMAL PARA PROFESORES,702680330
1110235298,-99.6445,19.29227,2,ESCUELA NORMAL PARA PROFESORES,702680330
1137429817,-99.64597,19.29224,1,IGLESIA ANGLICANA DE LA RESURRECCIÓN,702682332
1137429817,-99.64597,19.29224,2,IGL. ANGLICANA DE LA RESURRECCIÓN,702682332
1137429811,-99.64027,19.29235,2,CITIBANAMEX,702706626
1137429811,-99.64027,19.29235,1,BANAMEX,702706626
1262831936,-99.64221,19.29232,3,HSBC,1347915833
1262831936,-99.64221,19.29232,1,HSBC MÉXICO,1347915833
1262831936,-99.64221,19.29232,2,CAJERO AUTOMÁTICO HSBC MÉXICO,1347915833
1244748479,-99.51688,19.29102,2,TIENDITA ESCOLAR ESCUELA SECUNDARIA,848291183
1244748479,-99.51688,19.29102,1,TIENDITA ESCOLAR ESCUELA SECUNDARIA MARÍA ORTEGA MONROY,848291183
1202661085,-99.50756,19.29185,1,MATERIALES DE CONSTRUCCIÓN GUADALUPE,847995856
1202661085,-99.50756,19.29185,2,MATERIALES GUADALUPE,847995856
1137801356,-99.49956,19.29199,1,UNIVERSIDAD AUTÓNOMA METROPOLITANA,1248254384
1137801356,-99.49956,19.29199,2,UNIDAD LERMA,1248254384
1178801549,-99.64032,19.29374,2,CAJERO AUTOMÁTICO CITIBANAMEX,702706621
1178801549,-99.64032,19.29374,3,CITIBANAMEX,702706621
1178801549,-99.64032,19.29374,1,BANAMEX LEANDRO VALLE,702706621
1178732821,-99.64173,19.29273,2,GAAPEM,1296517844
1178732821,-99.64173,19.29273,1,GRUPO DE APOYO A LA POBLACIÓN ESTUDIANTIL MEXICANA,1296517844
1178939848,-99.65012,19.29272,2,LAVA COCHES IMPACTO,1346238114
1178939848,-99.65012,19.29272,1,EL IMPACTO,1346238114
1110156182,-99.64731,19.29313,1,ESCUELA JUDICIAL DEL ESTADO DE MÉXICO,1245221848
1110156182,-99.64731,19.29313,2,ESCUELA JUDICIAL DEL EDO DE MEXICO,1245221848
1210170944,-99.64925,19.29349,1,ADMINISTRACIÓN DEL TEMPLO FILADELFIA,702715889
1210170944,-99.64925,19.29349,2,ADMÓN. DEL TEMPLO FILADELFIA,702715889
1110499295,-99.579,19.29347,1,ESCUELA PRIMARIA LOS HÉROES DE TOLUCA,1073099710
1110499295,-99.579,19.29347,2,ESC PRIMARIA LOS HÉROES DE TOLUCA,1073099710
1210225332,-99.61623,19.29598,2,CAPILLA NTRA. SRA. DE LOS ÁNGELES,1194149550
1210225332,-99.61623,19.29598,1,CAPILLA NUESTRA SEÑORA DE LOS ÁNGELES,1194149550
1176026314,-99.64451,19.29361,1,BISTRO MECHA PRIMERO DE MAYO,702716938
1176026314,-99.64451,19.29361,2,MECHA,702716938
1178918796,-99.64544,19.29359,2,REFACCIONES Y LUBRICANTES,1350970471
1178918796,-99.64544,19.29359,1,COMERCIALIZADORA DE REFACCIONES Y LUBRICANTES,1350970471
1210170945,-99.63979,19.29375,1,INSTITUTO LATINOAMERICANO DE ESTUDIOS BÍBLICOS,702715544
1210170945,-99.63979,19.29375,2,INSTITUTO LAM. DE ESTUDIOS BÍBLICOS,702715544
1137429807,-99.64032,19.29374,1,IGLESIA DE CRISTO EN LA REPÚBLICA MEXICANA,702715545
1137429807,-99.64032,19.29374,2,IGL. DE CRISTO EN LA R. M.,702715545
1137430413,-99.64454,19.29497,2,JARD NIÑOS ENRIQUE CARNIADO PERALTA,702716941
1137430413,-99.64454,19.29497,1,JARDIN DE NIÑOS ENRIQUE CARNIADO PERALTA,702716941
1185671198,-99.64872,19.29574,1,CENTRO DE ADORACIÓN Y CONVIVENCIA CRISTIANA,1160898311
1185671198,-99.64872,19.29574,2,CTRO. DE ADORACIÓN Y CONVIVENCIA C.,1160898311
1244431523,-99.5353,19.29611,1,BANAMEX,702650251
1244431523,-99.5353,19.29611,2,CITIBANAMEX,702650251
1048913734,-99.55848,19.29643,1,MICROTEL INN AND SUITES BY WYNDHAM TOLUCA,1329063374
1048913734,-99.55848,19.29643,2,MICROTEL BY WINDHAM,1329063374
1233462189,-99.55883,19.29784,2,MICROTEL INN & SUITES BY WYNDHAM,1329063375
1233462189,-99.55883,19.29784,1,MICROTEL INN & SUITES BY WYNDHAM TOLUCA,1329063375
1244444037,-99.60959,19.29696,2,CITIBANAMEX,1346011437
1244444037,-99.60959,19.29696,1,BANAMEX,1346011437
1244444052,-99.60959,19.29696,2,CITIBANAMEX,1346011437
1244444052,-99.60959,19.29696,1,CAJERO AUTOMÁTICO CITIBANAMEX,1346011437
1178728087,-99.64705,19.29619,1,ASOCIACION DE RADIOEXPERIMENTADORES DEL ESTADO DE MEXICO,938938601
1178728087,-99.64705,19.29619,2,ASOCIACION DE RADIOEXPERIMENTADORES,938938601
1244656106,-99.62783,19.29736,2,GRUPO CIDAR BUSINESS BROKERS AGENTE,1346480308
1244656106,-99.62783,19.29736,1,GRUPO CIDAR BUSINESS BROKERS AGENTE DE SEGUROS Y FIANZAS,1346480308
1244430797,-99.63401,19.29772,1,COPIAS Y REGALOS Y ARTÍCULOS DE PAPELERIA INDEPENDENCIA,1324678926
1244430797,-99.63401,19.29772,2,COPIAS Y REGALOS Y ARTÍCULOS,1324678926
1210225294,-99.64835,19.29775,1,PARROQUIA DE NUESTRA SEÑORA DE LOURDES,702652158
1210225294,-99.64835,19.29775,2,PARROQUIA DE NTRA. SRA. DE LOURDES,702652158
1185644077,-99.64835,19.29775,1,RECTORÍA DE NUESTRA SEÑORA DE LOURDES,702652158
1185644077,-99.64835,19.29775,2,RECTORÍA DE NTRA. SRA. DE LOURDES,702652158
1244548483,-99.52844,19.30022,2,CITIBANAMEX,702650075
1244548483,-99.52844,19.30022,1,CAJERO AUTOMÁTICO CITIBANAMEX,702650075
1244548480,-99.52844,19.30022,1,BANAMEX,702650075
1244548480,-99.52844,19.30022,2,CITIBANAMEX,702650075
1137455684,-99.63318,19.29802,1,PARROQUIA DE NUESTRA SEÑORA DE GUADALUPE,702674375
1137455684,-99.63318,19.29802,2,PQIA. DE NTRA. SRA. DE GUADALUPE,702674375
1244537427,-99.53206,19.29866,3,HSBC,1347921345
1244537427,-99.53206,19.29866,1,HSBC MÉXICO,1347921345
1244537427,-99.53206,19.29866,2,CAJERO AUTOMÁTICO HSBC MÉXICO,1347921345
1244533724,-99.52707,19.30111,1,CAJERO AUTOMÁTICO HSBC MÉXICO,1044312911
1244533724,-99.52707,19.30111,2,HSBC,1044312911
1202660403,-99.52844,19.30022,1,CENTRO DE ESTUDIOS TECNOLOGICOS INDUSTRIAL Y DE SERVICIOS NO. 23,702650217
1202660403,-99.52844,19.30022,2,CETIS NO. 23,702650217
1193443052,-99.62773,19.30095,2,TRIBUNAL FED. DE J. FISCAL Y ADMVA.,1346455566
1193443052,-99.62773,19.30095,1,TRIBUNAL FEDERAL DE JUSTICIA FISCAL Y ADMINISTRATIVA,1346455566
1193443053,-99.6277,19.30189,1,HOTEL CITY EXPRESS JUNIOR ZONA INDUSTRIAL,1346455560
1193443053,-99.6277,19.30189,2,HOTEL CITY EXPRESS JUNIOR ZONA,1346455560
1210225326,-99.64945,19.30199,2,P. DE SANTIAGO MIXTEPEC LA MORA,1159740517
1210225326,-99.64945,19.30199,1,PARROQUIA DE SANTIAGO MIXTEPEC LA MORA,1159740517
1137316445,-99.62538,19.30231,2,LIC. ADOLFO LÓPEZ MATEOS,797934765
1137316445,-99.62538,19.30231,1,ESCUELA PRIMARIA LIC. ADOLFO LÓPEZ MATEOS,797934765
1244534067,-99.53151,19.30277,1,CAJERO AUTOMÁTICO HSBC MÉXICO,1347974560
1244534067,-99.53151,19.30277,2,HSBC,1347974560
1202665880,-99.53666,19.30233,1,SOCIEDAD COOPERATIVA TRABAJADORES DE PASCUAL,1347536108
1202665880,-99.53666,19.30233,2,SOC. COOP. TRABAJADORES DE PASCUAL,1347536108
1202665881,-99.53666,19.30233,1,SOCIDAD COOPERATIVA TRABAJADORES DE PASCUAL JUGOS,1347536108
1202665881,-99.53666,19.30233,2,SOC. COOP. TRAB. DE PASCUAL JUGOS,1347536108
1202665893,-99.54511,19.30274,1,MISCELÁNEA NO TE QUEDES CON EL ANTOJO,1347495352
1202665893,-99.54511,19.30274,2,NO TE QUEDES CON EL ANTOJO,1347495352
1209099201,-99.56659,19.30358,1,TALLER AXA: SERVICIO ESPECIALIZADO TOLUCA,1175351308
1209099201,-99.56659,19.30358,2,TALLER AXA: SERVICIO ESPECIALIZADO,1175351308
1209099218,-99.56912,19.30235,1,TALLER AXA: SERVICIO ESPECIALIZADO TOLUCA,1175351308
1209099218,-99.56912,19.30235,2,TALLER AXA: SERVICIO ESPECIALIZADO,1175351308
1202643040,-99.52466,19.30156,1,LOS TARROS TORTAS Y CERVEZA DE BARRIL,1044158404
1202643040,-99.52466,19.30156,2,LOS TARROS,1044158404
1244535602,-99.52791,19.30531,2,CITIBANAMEX,1044136809
1244535602,-99.52791,19.30531,1,BANAMEX,1044136809
1262704372,-99.64661,19.30342,2,MODULO DE VIGILANCIA MPAL TOLUCA,1159378483
1262704372,-99.64661,19.30342,1,MODULO DE VIGILANCIA MUNICIPAL TOLUCA,1159378483
1210225296,-99.64482,19.30397,2,CAPILLA DE NTRA. SRA. DE GPE.,798662551
1210225296,-99.64482,19.30397,1,CAPILLA DE NUESTRA SEÑORA DE GUADALUPE,798662551
1110291481,-99.61518,19.30498,1,CAPILLA MARÍA REINA DE LOS APÓSTOLES,1346451720
1110291481,-99.61518,19.30498,2,CAPILLA MA. REINA DE LOS APÓSTOLES,1346451720
1191760789,-99.58294,19.30514,1,"LAVANDERIA & TINTORERIA """"LIMPIO & SUAVE""""",1345876332
1191760789,-99.58294,19.30514,2,"TINTORERIA ""LIMPIO & SUAVE""",1345876332
1178842725,-99.59053,19.30537,1,ASOCIACION DE PENTATLON DEPORTIVO MILITARIZADO UNIVERSITARIO,1159315573
1178842725,-99.59053,19.30537,2,ASOCIACION DE PENTATLON UNIV,1159315573
1210225323,-99.60715,19.30617,1,IGLESIA DE NUESTRA SEÑORA DE LOS ÁNGELES,1159230600
1210225323,-99.60715,19.30617,2,IGLESIA DE NTRA SRA. DE LOS ÁNGELES,1159230600
1202663127,-99.53782,19.30574,2,DIST. DE MANGUERAS INDUSTRIALES,942132998
1202663127,-99.53782,19.30574,1,DISTRIBUIDORA DE MANGUERAS INDUSTRIALES Y AUTOMOTRICES,942132998
1232161553,-99.53782,19.30574,1,DISTRIBUIDORA DE MANGUERAS INDUSTRIALES AUTOMOTRICES,942132998
1232161553,-99.53782,19.30574,2,DISTRIBUIDORA DE MANGUERAS INDUSTRI,942132998
1185643865,-99.6099,19.30611,1,SHERWIN-WILLIAMS,1338562140
1185643865,-99.6099,19.30611,2,SHERWIN-WILLIAMS PAINT STORE,1338562140
1244534770,-99.56095,19.30652,2,CITIBANAMEX,1329096443
1244534770,-99.56095,19.30652,1,CAJERO AUTOMÁTICO CITIBANAMEX,1329096443
1244429719,-99.561,19.30671,2,CITIBANAMEX,1347327252
1244429719,-99.561,19.30671,1,BANAMEX,1347327252
1192916734,-99.64818,19.30625,2,LA IGLESIA DE J. C. DE LOS SUD.,1159628178
1192916734,-99.64818,19.30625,1,LA IGLESIA DE JESUCRISTO DE LOS SANTOS DE LOS ÚLTIMOS DÍAS,1159628178
1192391252,-99.64539,19.30842,2,RICARDO FLORES MAGON,1159462361
1192391252,-99.64539,19.30842,1,RICARDO FLORES MAGON-JARDIN DE NIÑOS,1159462361
1202663130,-99.53894,19.30724,2,HUELLITAS CLÍNICA VETERINARIA,942133001
1202663130,-99.53894,19.30724,1,HUELLITAS CLÍNICA VETERINARIA & ESTÉTICA CANINA,942133001
1185671557,-99.59471,19.30767,2,REFACCIONES Y SERV DE LATINOAMERICA,1341857913
1185671557,-99.59471,19.30767,1,REFACCIONES Y SERVICIOS DE LATINOAMERICA,1341857913
1112423228,-99.53221,19.30751,2,INDUSTRIAS QUÍMICO FARMACÚUTICAS,942133018
1112423228,-99.53221,19.30751,1,INDUSTRIAS QUÍMICO FARMACÚUTICAS AMERICANAS,942133018
1185673601,-99.58993,19.30856,2,GPO INDUSTRIAL ELECTRICO FERRETERO,931183384
1185673601,-99.58993,19.30856,1,GRUPO INDUSTRIAL ELECTRICO Y FERRETERO,931183384
1185673363,-99.58901,19.30869,2,SERV ELÉCTRICO MECÁNICO DE LA CRUZ,931183385
1185673363,-99.58901,19.30869,1,SERVICIO ELÉCTRICO Y MECÁNICO DE LA CRUZ,931183385
1244548441,-99.5831,19.30973,1,BANAMEX,1347628080
1244548441,-99.5831,19.30973,2,CITIBANAMEX,1347628080
1244548445,-99.58385,19.30962,1,BANAMEX,1315350518
1244548445,-99.58385,19.30962,2,CITIBANAMEX,1315350518
1210225336,-99.58194,19.31111,1,LA IGLESIA DE JESUCRISTO DE LOS SANTOS DE LOS ÚLTIMOS DÍAS,1195552937
1210225336,-99.58194,19.31111,2,LA IGLESIA DE J. C. DE LOS SUD.,1195552937
1210225339,-99.58825,19.31186,2,I. C. B. JS. MI SALVADOR DE TOLUCA,1334921093
1210225339,-99.58825,19.31186,1,IGLESIA CRISTIANA BAUTISTA JESÚS MI SALVADOR DE TOLUCA,1334921093
1040262496,-99.63916,19.3099,2,UAEM FACULTAD DE CIENCIAS,1038506164
1040262496,-99.63916,19.3099,1,UNIVERSIDAD AUTÓNOMA DEL ESTADO DE MÉXICO FACULTAD DE CIENCIAS DE LA CONDUCTA,1038506164
1210225319,-99.64083,19.30983,2,PARROQ. V. DE GPE. Y SAN JUAN DIEGO,702714221
1210225319,-99.64083,19.30983,1,PARROQUIA VIRGEN DE GUADALUPE Y SAN JUAN DIEGO,702714221
1137445709,-99.64083,19.30983,1,TEMPLO DE LA VIRGEN DE GUADALUPE Y SAN JUAN,702714221
1137445709,-99.64083,19.30983,2,TEMPLO DE LA V. DE GPE. Y SAN JUAN,702714221
1244216018,-99.6259,19.31291,1,TIENDA ESCOLAR ESCUELA SECUNDARIA OF 323 JOSE VASCONCELOS GOBIERNO DEL ESTADO DE MÉXICO,702706827
1244216018,-99.6259,19.31291,2,TIENDA ESCOLAR ESCUELA SECUNDARIA,702706827
1223100432,-99.63613,19.31233,2,MCDONALD'S-TOLUCA NORTE,1329120926
1223100432,-99.63613,19.31233,3,MCDONALD'S-TOLUCA SANTIN,1329120926
1223100432,-99.63613,19.31233,1,MCDONALD'S,1329120926
1224039052,-99.57259,19.3125,1,FARMACIA Y PERFUMERÍA CASA SAN PEDRO,1159306084
1224039052,-99.57259,19.3125,2,FARMACIA Y PERFUMERÍA CASA SAN,1159306084
1244438804,-99.62242,19.31301,1,FARMACIA GI UNIDAD SAN LORENZO TEPALTITLAN,1365847543
1244438804,-99.62242,19.31301,2,FARMACIA GI UNIDAD SAN LORENZO,1365847543
1244445368,-99.54329,19.3133,1,BANAMEX,1348101123
1244445368,-99.54329,19.3133,2,CITIBANAMEX,1348101123
1244445383,-99.54336,19.31358,2,CITIBANAMEX,1038399036
1244445383,-99.54336,19.31358,1,CAJERO AUTOMÁTICO CITIBANAMEX,1038399036
1176689958,-99.62059,19.31307,1,LA TERTULIA METEPEC,702650351
1176689958,-99.62059,19.31307,2,拉-特尔图里亚-梅特佩克,702650351
1210225378,-99.54442,19.31508,1,IGLESIA PENTECOSTAL UNIDA LATINOAMERICANA,848282229
1210225378,-99.54442,19.31508,2,IGL. UNIDA LATINOAMERICANA,848282229
1059353203,-99.62382,19.31298,2,PQIA. DE SAN LORENZO TEPALTITLÁN,702953729
1059353203,-99.62382,19.31298,1,PARROQUIA DE SAN LORENZO TEPALTITLÁN,702953729
1192916733,-99.65022,19.31538,2,CARNICERÍA Y TOCINERÍA LA PROVINCIA,720476997
1192916733,-99.65022,19.31538,1,CARNICERÍA Y TOCINERÍA LA PROVINCIANITA,720476997
1137625900,-99.64255,19.31522,1,CENTRO DE ESTUDIOS SUPERIORES ATENEA-UNIVERSIDAD,1346991267
1137625900,-99.64255,19.31522,2,CENTRO ESTUDIOS SUPERIORES ATENEA,1346991267
1244444475,-99.63171,19.31592,2,CAJERO AUTOMÁTICO SCOTIABANK,1334817172
1244444475,-99.63171,19.31592,1,CAJERO AUTOMÁTICO SCOTIABANK INVERLAT,1334817172
1244444475,-99.63171,19.31592,3,SCOTIABANK,1334817172
1244535987,-99.63309,19.31676,2,CITIBANAMEX,1334053638
1244535987,-99.63309,19.31676,1,CAJERO AUTOMÁTICO CITIBANAMEX,1334053638
1244535977,-99.63309,19.31676,2,CITIBANAMEX,1334053638
1244535977,-99.63309,19.31676,1,BANAMEX,1334053638
1244532682,-99.63567,19.3169,3,HSBC SUCURSAL PODER JUDICIAL TOLUCA,1346984815
1244532682,-99.63567,19.3169,2,CAJERO AUTOMÁTICO HSBC MÉXICO,1346984815
1244532682,-99.63567,19.3169,1,HSBC,1346984815
1192391504,-99.64662,19.31719,2,TALLER MECÁNICO,1040985369
1192391504,-99.64662,19.31719,1,TALLER MECÁNICO-RECONSTRUCTORA DE CLUTCH,1040985369
1192402054,-99.56686,19.32135,2,AEROPUERTO-TUERCAS Y TORNILLOS,1365899419
1192402054,-99.56686,19.32135,1,AEROPUERTO-PROMOTORA DE TUERCAS Y TORNILLOS,1365899419
1192391510,-99.64828,19.31738,1,CONTINENTAL-LLANTAS,1289145557
1192391510,-99.64828,19.31738,2,CONTINENTAL,1289145557
1210225310,-99.64762,19.31863,1,COMUNIDAD CRISTIANA EN LA REPÚBLICA MEXICANA NUEVA VIDA,851695096
1210225310,-99.64762,19.31863,2,C. C. L. R. M. N. V.,851695096
1185671144,-99.62937,19.31813,2,DOMINO'S PIZZA,1346992364
1185671144,-99.62937,19.31813,1,DOMINO'S,1346992364
1011475245,-99.63504,19.31844,2,PODER JUDICIAL EDO MEX,799372097
1011475245,-99.63504,19.31844,1,PODER JUDICIAL GOBIERNO DEL ESTADO DE MEXICO,799372097
1059357064,-99.63941,19.32078,2,IGLESIA NAL. P. DE MÉXICO,702943962
1059357064,-99.63941,19.32078,1,IGLESIA NACIONAL PRESBITERIANA DE MÉXICO,702943962
1244537597,-99.63028,19.32034,2,CITIBANAMEX,702676198
1244537597,-99.63028,19.32034,1,BANAMEX,702676198
1244534798,-99.62544,19.32036,1,CAJERO AUTOMÁTICO HSBC MÉXICO,1346953268
1244534798,-99.62544,19.32036,2,HSBC,1346953268
1210225305,-99.64706,19.32384,1,AUDITORIO LOS DOS OLIVOS IGLESIA CRISTIANA,1346985486
1210225305,-99.64706,19.32384,2,AUD. LOS DOS OLIVOS IGLESIA CRIST.,1346985486
1104780357,-99.57767,19.32451,2,DEL DIOS VIVO,702945191
1104780357,-99.57767,19.32451,1,DEL DIOS VIVO COLUMNA Y APOYO DE LA VERDAD EL BUEN PASTOR,702945191
1233031003,-99.57529546052632,19.3359375,1,7-ELEVEN,1295326975
1233031003,-99.57529546052632,19.3359375,3,711,1295326975
1233031003,-99.57529546052632,19.3359375,2,7-ELEVEN SUC 2192 AEROPUERTO TOLUCA,1295326975
1244532850,-99.57588,19.33576,3,HSBC,1347496429
1244532850,-99.57588,19.33576,2,HSBC MÉXICO,1347496429
1244532850,-99.57588,19.33576,1,CAJERO AUTOMÁTICO HSBC MÉXICO,1347496429
